F60,x,y,RA,DEC,F100,x1,y1,RA1,DEC1
0.6322436333,1,25,4.10635924,-38.96159493,1.75609839,1,25,4.10635924,-38.96159493
0.6462668777,2,25,4.080638768,-38.96165985,1.764143229,2,25,4.080638768,-38.96165985
0.7132177949,3,25,4.054918182,-38.96171913,1.685076714,3,25,4.054918182,-38.96171913
0.6403207183,4,25,4.029197493,-38.96177276,1.639123917,4,25,4.029197493,-38.96177276
0.6403207183,5,25,4.00347671,-38.96182075,1.639123917,5,25,4.00347671,-38.96182075
0.6399254799,6,25,3.977755844,-38.96186309,1.636973143,6,25,3.977755844,-38.96186309
0.6024610996,7,25,3.952034906,-38.96189978,1.62790215,7,25,3.952034906,-38.96189978
0.5813885927,8,25,3.926313906,-38.96193083,1.606830597,8,25,3.926313906,-38.96193083
0.5887711048,9,25,3.900592853,-38.96195624,1.635874033,9,25,3.900592853,-38.96195624
0.5887711048,10,25,3.87487176,-38.961976,1.635874033,10,25,3.87487176,-38.961976
0.6139163971,11,25,3.849150635,-38.96199011,1.635535598,11,25,3.849150635,-38.96199011
0.6042079329,12,25,3.823429489,-38.96199858,1.646208048,12,25,3.823429489,-38.96199858
0.5824065804,13,25,3.797708333,-38.9620014,1.609861851,13,25,3.797708333,-38.9620014
0.5557036996,14,25,3.771987177,-38.96199858,1.681000829,14,25,3.771987177,-38.96199858
0.5557036996,15,25,3.746266032,-38.96199011,1.681000829,15,25,3.746266032,-38.96199011
0.5591157079,16,25,3.720544907,-38.961976,1.682277441,16,25,3.720544907,-38.961976
0.5847796798,17,25,3.694823813,-38.96195624,1.723947167,17,25,3.694823813,-38.96195624
0.5955588222,18,25,3.669102761,-38.96193083,1.804985046,18,25,3.669102761,-38.96193083
0.6144908667,19,25,3.64338176,-38.96189978,1.939783573,19,25,3.64338176,-38.96189978
0.6144908667,20,25,3.617660822,-38.96186309,1.939783573,20,25,3.617660822,-38.96186309
0.6287017465,21,25,3.591939957,-38.96182075,1.987259507,21,25,3.591939957,-38.96182075
0.580752492,22,25,3.566219174,-38.96177276,1.874293923,22,25,3.566219174,-38.96177276
0.6242739558,23,25,3.540498484,-38.96171913,1.882428646,23,25,3.540498484,-38.96171913
0.6655299664,24,25,3.514777899,-38.96165985,1.876344085,24,25,3.514777899,-38.96165985
0.6655299664,25,25,3.489057427,-38.96159493,1.876344085,25,25,3.489057427,-38.96159493
0.6322436333,1,24,4.10644684,-38.98159431,1.75609839,1,24,4.10644684,-38.98159431
0.6462668777,2,24,4.080719069,-38.98165928,1.764143229,2,24,4.080719069,-38.98165928
0.7132177949,3,24,4.054991183,-38.9817186,1.685076714,3,24,4.054991183,-38.9817186
0.6403207183,4,24,4.029263194,-38.98177227,1.639123917,4,24,4.029263194,-38.98177227
0.6403207183,5,24,4.003535111,-38.98182029,1.639123917,5,24,4.003535111,-38.98182029
0.6399254799,6,24,3.977806946,-38.98186267,1.636973143,6,24,3.977806946,-38.98186267
0.6382781863,7,24,3.952078707,-38.98189939,1.704728842,7,24,3.952078707,-38.98189939
0.6218965054,8,24,3.926350407,-38.98193046,1.653798461,8,24,3.926350407,-38.98193046
0.6201803088,9,24,3.900622054,-38.98195588,1.640876651,9,24,3.900622054,-38.98195588
0.6201803088,10,24,3.87489366,-38.98197566,1.640876651,10,24,3.87489366,-38.98197566
0.6548568606,11,24,3.849165235,-38.98198978,1.652525187,11,24,3.849165235,-38.98198978
0.6223383546,12,24,3.82343679,-38.98199826,1.614211202,12,24,3.82343679,-38.98199826
0.602930069,13,24,3.797708333,-38.98200108,1.596322775,13,24,3.797708333,-38.98200108
0.5571412444,14,24,3.771979877,-38.98199826,1.705982924,14,24,3.771979877,-38.98199826
0.5571412444,15,24,3.746251431,-38.98198978,1.705982924,15,24,3.746251431,-38.98198978
0.5937216282,16,24,3.720523006,-38.98197566,1.756533861,16,24,3.720523006,-38.98197566
0.5956061482,17,24,3.694794612,-38.98195588,1.784689903,17,24,3.694794612,-38.98195588
0.6711039543,18,24,3.66906626,-38.98193046,1.937150955,18,24,3.66906626,-38.98193046
0.5968245268,19,24,3.643337959,-38.98189939,2.011136532,19,24,3.643337959,-38.98189939
0.5968245268,20,24,3.617609721,-38.98186267,2.011136532,20,24,3.617609721,-38.98186267
0.5870682597,21,24,3.591881555,-38.98182029,1.960659027,21,24,3.591881555,-38.98182029
0.6208661199,22,24,3.566153473,-38.98177227,1.909477472,22,24,3.566153473,-38.98177227
0.6665056944,23,24,3.540425483,-38.9817186,1.870541453,23,24,3.540425483,-38.9817186
0.6503988504,24,24,3.514697598,-38.98165928,1.826277614,24,24,3.514697598,-38.98165928
0.6503988504,25,24,3.488969827,-38.98159431,1.826277614,25,24,3.488969827,-38.98159431
0.6244948506,1,23,4.10653449,-39.00159375,1.542743921,1,23,4.10653449,-39.00159375
0.6735628247,2,23,4.080799415,-39.00165877,1.582372069,2,23,4.080799415,-39.00165877
0.7304549813,3,23,4.055064226,-39.00171813,1.626480937,3,23,4.055064226,-39.00171813
0.6399690509,4,23,4.029328932,-39.00177184,1.669030309,4,23,4.029328932,-39.00177184
0.6399690509,5,23,4.003593546,-39.0018199,1.669030309,5,23,4.003593546,-39.0018199
0.6198167205,6,23,3.977858076,-39.0018623,1.733085036,6,23,3.977858076,-39.0018623
0.667466104,7,23,3.952122533,-39.00189905,1.723844051,7,23,3.952122533,-39.00189905
0.6151450872,8,23,3.926386929,-39.00193014,1.771713972,8,23,3.926386929,-39.00193014
0.6864126921,9,23,3.900651272,-39.00195558,1.672400236,9,23,3.900651272,-39.00195558
0.6864126921,10,23,3.874915574,-39.00197537,1.672400236,10,23,3.874915574,-39.00197537
0.6931804419,11,23,3.849179844,-39.0019895,1.673525333,11,23,3.849179844,-39.0019895
0.6018490791,12,23,3.823444094,-39.00199799,1.659843445,12,23,3.823444094,-39.00199799
0.546638906,13,23,3.797708333,-39.00200081,1.685008168,13,23,3.797708333,-39.00200081
0.5692473054,14,23,3.771972573,-39.00199799,1.75321126,14,23,3.771972573,-39.00199799
0.5692473054,15,23,3.746236823,-39.0019895,1.75321126,15,23,3.746236823,-39.0019895
0.6263779998,16,23,3.720501093,-39.00197537,1.775602937,16,23,3.720501093,-39.00197537
0.6876701713,17,23,3.694765395,-39.00195558,1.85377264,17,23,3.694765395,-39.00195558
0.7176216245,18,23,3.669029738,-39.00193014,1.855142713,18,23,3.669029738,-39.00193014
0.7054862976,19,23,3.643294133,-39.00189905,2.007828712,19,23,3.643294133,-39.00189905
0.7054862976,20,23,3.617558591,-39.0018623,2.007828712,20,23,3.617558591,-39.0018623
0.6032379866,21,23,3.591823121,-39.0018199,2.023566484,21,23,3.591823121,-39.0018199
0.5730213523,22,23,3.566087734,-39.00177184,1.913852692,22,23,3.566087734,-39.00177184
0.6020717621,23,23,3.540352441,-39.00171813,1.840074301,23,23,3.540352441,-39.00171813
0.5682252645,24,23,3.514617252,-39.00165877,1.771758795,24,23,3.514617252,-39.00165877
0.5682252645,25,23,3.488882176,-39.00159375,1.771758795,25,23,3.488882176,-39.00159375
0.6213944554,1,22,4.10662219,-39.02159324,1.437389135,1,22,4.10662219,-39.02159324
0.6519517899,2,22,4.080879807,-39.0216583,1.468200088,2,22,4.080879807,-39.0216583
0.6326267719,3,22,4.05513731,-39.02171771,1.544685006,3,22,4.05513731,-39.02171771
0.6169322133,4,22,4.029394708,-39.02177146,1.586369634,4,22,4.029394708,-39.02177146
0.6169322133,5,22,4.003652013,-39.02181955,1.586369634,5,22,4.003652013,-39.02181955
0.617174983,6,22,3.977909235,-39.02186198,1.701136351,6,22,3.977909235,-39.02186198
0.6385954022,7,22,3.952166384,-39.02189875,1.739073277,7,22,3.952166384,-39.02189875
0.6350150704,8,22,3.926423471,-39.02192987,1.843740702,8,22,3.926423471,-39.02192987
0.6539407372,9,22,3.900680506,-39.02195533,1.775238395,9,22,3.900680506,-39.02195533
0.6539407372,10,22,3.874937499,-39.02197513,1.775238395,10,22,3.874937499,-39.02197513
0.6487612724,11,22,3.849194461,-39.02198928,1.625994086,11,22,3.849194461,-39.02198928
0.5915593505,12,22,3.823451402,-39.02199776,1.713110328,12,22,3.823451402,-39.02199776
0.5776929855,13,22,3.797708333,-39.02200059,1.721323729,13,22,3.797708333,-39.02200059
0.6033192277,14,22,3.771965264,-39.02199776,1.784660578,14,22,3.771965264,-39.02199776
0.6033192277,15,22,3.746222205,-39.02198928,1.784660578,15,22,3.746222205,-39.02198928
0.6351547241,16,22,3.720479168,-39.02197513,1.827490807,16,22,3.720479168,-39.02197513
0.744582057,17,22,3.694736161,-39.02195533,1.867566586,17,22,3.694736161,-39.02195533
0.7268775702,18,22,3.668993196,-39.02192987,1.921835542,18,22,3.668993196,-39.02192987
0.7475191355,19,22,3.643250282,-39.02189875,2.036635399,19,22,3.643250282,-39.02189875
0.7475191355,20,22,3.617507432,-39.02186198,2.036635399,20,22,3.617507432,-39.02186198
0.6032379866,21,22,3.591764653,-39.02181955,2.023566484,21,22,3.591764653,-39.02181955
0.5730213523,22,22,3.566021959,-39.02177146,1.913852692,22,22,3.566021959,-39.02177146
0.6020717621,23,22,3.540279357,-39.02171771,1.840074301,23,22,3.540279357,-39.02171771
0.5682252645,24,22,3.51453686,-39.0216583,1.771758795,24,22,3.51453686,-39.0216583
0.5682252645,25,22,3.488794476,-39.02159324,1.771758795,25,22,3.488794476,-39.02159324
0.597245276,1,21,4.10670994,-39.04159277,1.504607439,1,21,4.10670994,-39.04159277
0.5719327927,2,21,4.080960245,-39.04165788,1.377496958,2,21,4.080960245,-39.04165788
0.5853893161,3,21,4.055210435,-39.04171733,1.516600609,3,21,4.055210435,-39.04171733
0.5481163263,4,21,4.029460521,-39.04177112,1.605697632,4,21,4.029460521,-39.04177112
0.5481163263,5,21,4.003710514,-39.04181924,1.605697632,5,21,4.003710514,-39.04181924
0.573461473,6,21,3.977960423,-39.0418617,1.673529506,6,21,3.977960423,-39.0418617
0.5887466669,7,21,3.95221026,-39.0418985,1.729755402,7,21,3.95221026,-39.0418985
0.5916696787,8,21,3.926460034,-39.04192964,1.783319712,8,21,3.926460034,-39.04192964
0.6462948918,9,21,3.900709757,-39.04195512,1.805747271,9,21,3.900709757,-39.04195512
0.6462948918,10,21,3.874959437,-39.04197494,1.805747271,10,21,3.874959437,-39.04197494
0.6508937478,11,21,3.849209087,-39.04198909,1.745291948,11,21,3.849209087,-39.04198909
0.6729489565,12,21,3.823458715,-39.04199759,1.855789304,12,21,3.823458715,-39.04199759
0.6690809131,13,21,3.797708333,-39.04200042,1.833337069,13,21,3.797708333,-39.04200042
0.6033192277,14,21,3.771957952,-39.04199759,1.784660578,14,21,3.771957952,-39.04199759
0.6033192277,15,21,3.74620758,-39.04198909,1.784660578,15,21,3.74620758,-39.04198909
0.6351547241,16,21,3.72045723,-39.04197494,1.827490807,16,21,3.72045723,-39.04197494
0.744582057,17,21,3.69470691,-39.04195512,1.867566586,17,21,3.69470691,-39.04195512
0.7268775702,18,21,3.668956632,-39.04192964,1.921835542,18,21,3.668956632,-39.04192964
0.7475191355,19,21,3.643206407,-39.0418985,2.036635399,19,21,3.643206407,-39.0418985
0.7475191355,20,21,3.617456243,-39.0418617,2.036635399,20,21,3.617456243,-39.0418617
0.6998036504,21,21,3.591706153,-39.04181924,2.132534027,21,21,3.591706153,-39.04181924
0.5965598226,22,21,3.565956145,-39.04177112,2.105872869,22,21,3.565956145,-39.04177112
0.5906902552,23,21,3.540206232,-39.04171733,1.898079991,23,21,3.540206232,-39.04171733
0.5608810782,24,21,3.514456422,-39.04165788,1.744292378,24,21,3.514456422,-39.04165788
0.5608810782,25,21,3.488706727,-39.04159277,1.744292378,25,21,3.488706727,-39.04159277
0.6267957687,1,20,4.10679774,-39.06159234,1.496539235,1,20,4.10679774,-39.06159234
0.6221818328,2,20,4.081040728,-39.0616575,1.418943167,2,20,4.081040728,-39.0616575
0.5734488964,3,20,4.055283602,-39.06171699,1.522323966,3,20,4.055283602,-39.06171699
0.5841242671,4,20,4.029526372,-39.06177081,1.550308824,4,20,4.029526372,-39.06177081
0.5841242671,5,20,4.003769048,-39.06181897,1.550308824,5,20,4.003769048,-39.06181897
0.5387027264,6,20,3.978011641,-39.06186147,1.660213947,6,20,3.978011641,-39.06186147
0.5887466669,7,20,3.952254161,-39.06189829,1.729755402,7,20,3.952254161,-39.06189829
0.5916696787,8,20,3.926496618,-39.06192946,1.783319712,8,20,3.926496618,-39.06192946
0.6462948918,9,20,3.900739024,-39.06195495,1.805747271,9,20,3.900739024,-39.06195495
0.6462948918,10,20,3.874981388,-39.06197478,1.805747271,10,20,3.874981388,-39.06197478
0.6508937478,11,20,3.84922372,-39.06198895,1.745291948,11,20,3.84922372,-39.06198895
0.6729489565,12,20,3.823466032,-39.06199745,1.855789304,12,20,3.823466032,-39.06199745
0.6690809131,13,20,3.797708333,-39.06200028,1.833337069,13,20,3.797708333,-39.06200028
0.638171494,14,20,3.771950635,-39.06199745,1.891996026,14,20,3.771950635,-39.06199745
0.638171494,15,20,3.746192946,-39.06198895,1.891996026,15,20,3.746192946,-39.06198895
0.6596645713,16,20,3.720435279,-39.06197478,1.930707693,16,20,3.720435279,-39.06197478
0.7535654902,17,20,3.694677643,-39.06195495,1.966175914,17,20,3.694677643,-39.06195495
0.8116457462,18,20,3.668920048,-39.06192946,2.088730812,18,20,3.668920048,-39.06192946
0.8382185102,19,20,3.643162506,-39.06189829,2.34835124,19,20,3.643162506,-39.06189829
0.8382185102,20,20,3.617405026,-39.06186147,2.34835124,20,20,3.617405026,-39.06186147
0.7279045582,21,20,3.591647619,-39.06181897,2.390807152,21,20,3.591647619,-39.06181897
0.6429032087,22,20,3.565890295,-39.06177081,2.364660978,22,20,3.565890295,-39.06177081
0.57965976,23,20,3.540133065,-39.06171699,1.877393126,23,20,3.540133065,-39.06171699
0.6062296629,24,20,3.514375939,-39.0616575,1.743704319,24,20,3.514375939,-39.0616575
0.6062296629,25,20,3.488618927,-39.06159234,1.743704319,25,20,3.488618927,-39.06159234
0.6267957687,1,19,4.106885589,-39.08159195,1.496539235,1,19,4.106885589,-39.08159195
0.6221818328,2,19,4.081121257,-39.08165715,1.418943167,2,19,4.081121257,-39.08165715
0.5734488964,3,19,4.055356811,-39.08171668,1.522323966,3,19,4.055356811,-39.08171668
0.5841242671,4,19,4.02959226,-39.08177055,1.550308824,4,19,4.02959226,-39.08177055
0.5841242671,5,19,4.003827615,-39.08181874,1.550308824,5,19,4.003827615,-39.08181874
0.5387027264,6,19,3.978062887,-39.08186126,1.660213947,6,19,3.978062887,-39.08186126
0.5526816845,7,19,3.952298087,-39.08189812,1.740294576,7,19,3.952298087,-39.08189812
0.6011245847,8,19,3.926533223,-39.0819293,1.835521698,8,19,3.926533223,-39.0819293
0.6331852674,9,19,3.900768308,-39.08195482,1.880520463,9,19,3.900768308,-39.08195482
0.6331852674,10,19,3.875003351,-39.08197466,1.880520463,10,19,3.875003351,-39.08197466
0.7269949913,11,19,3.849238362,-39.08198884,1.915869474,11,19,3.849238362,-39.08198884
0.7257501483,12,19,3.823473353,-39.08199734,1.99799335,12,19,3.823473353,-39.08199734
0.6801505685,13,19,3.797708333,-39.08200018,2.123022556,13,19,3.797708333,-39.08200018
0.7419880033,14,19,3.771943314,-39.08199734,2.000669003,14,19,3.771943314,-39.08199734
0.7419880033,15,19,3.746178304,-39.08198884,2.000669003,15,19,3.746178304,-39.08198884
0.8090812564,16,19,3.720413316,-39.08197466,2.134102821,16,19,3.720413316,-39.08197466
0.8302079439,17,19,3.694648359,-39.08195482,2.290317297,17,19,3.694648359,-39.08195482
0.8358898163,18,19,3.668883443,-39.0819293,2.326317549,18,19,3.668883443,-39.0819293
0.8420012593,19,19,3.64311858,-39.08189812,2.479420662,19,19,3.64311858,-39.08189812
0.8420012593,20,19,3.617353779,-39.08186126,2.479420662,20,19,3.617353779,-39.08186126
0.7002875209,21,19,3.591589051,-39.08181874,2.452510595,21,19,3.591589051,-39.08181874
0.6757417321,22,19,3.565824407,-39.08177055,2.338333845,22,19,3.565824407,-39.08177055
0.6107577085,23,19,3.540059856,-39.08171668,1.917645812,23,19,3.540059856,-39.08171668
0.687056303,24,19,3.51429541,-39.08165715,1.703747272,24,19,3.51429541,-39.08165715
0.6650466323,25,19,3.488531078,-39.08159195,1.643720031,25,19,3.488531078,-39.08159195
0.5784864426,1,18,4.106973489,-39.10159158,1.545044422,1,18,4.106973489,-39.10159158
0.5941205025,2,18,4.081201832,-39.10165683,1.530181766,2,18,4.081201832,-39.10165683
0.5772990584,3,18,4.055430061,-39.10171641,1.560171485,3,18,4.055430061,-39.10171641
0.5408704281,4,18,4.029658185,-39.10177031,1.620728731,4,18,4.029658185,-39.10177031
0.608892858,5,18,4.003886216,-39.10181854,1.686624289,5,18,4.003886216,-39.10181854
0.608892858,6,18,3.978114163,-39.10186109,1.686624289,6,18,3.978114163,-39.10186109
0.5541343093,7,18,3.952342037,-39.10189797,1.851697445,7,18,3.952342037,-39.10189797
0.6731845737,8,18,3.926569849,-39.10192918,1.887184501,8,18,3.926569849,-39.10192918
0.7847755551,9,18,3.900797608,-39.10195471,2.136967897,9,18,3.900797608,-39.10195471
0.7793003917,10,18,3.875025326,-39.10197457,2.37766099,10,18,3.875025326,-39.10197457
0.7793003917,11,18,3.849253013,-39.10198875,2.37766099,11,18,3.849253013,-39.10198875
0.7248798609,12,18,3.823480678,-39.10199726,2.248453379,12,18,3.823480678,-39.10199726
0.7706465125,13,18,3.797708333,-39.1020001,2.389269114,13,18,3.797708333,-39.1020001
0.9210048318,14,18,3.771935989,-39.10199726,2.573722601,14,18,3.771935989,-39.10199726
0.9588454962,15,18,3.746163654,-39.10198875,2.736350298,15,18,3.746163654,-39.10198875
0.9588454962,16,18,3.720391341,-39.10197457,2.736350298,16,18,3.720391341,-39.10197457
1.160779715,17,18,3.694619058,-39.10195471,2.889490843,17,18,3.694619058,-39.10195471
1.194548488,18,18,3.668846818,-39.10192918,3.141887188,18,18,3.668846818,-39.10192918
1.078787684,19,18,3.643074629,-39.10189797,3.051644564,19,18,3.643074629,-39.10189797
0.8550175428,20,18,3.617302504,-39.10186109,2.966736078,20,18,3.617302504,-39.10186109
0.8550175428,21,18,3.591530451,-39.10181854,2.966736078,21,18,3.591530451,-39.10181854
0.6875388026,22,18,3.565758481,-39.10177031,2.451488733,22,18,3.565758481,-39.10177031
0.6779094934,23,18,3.539986606,-39.10171641,2.062212467,23,18,3.539986606,-39.10171641
0.6916120052,24,18,3.514214835,-39.10165683,1.78790009,24,18,3.514214835,-39.10165683
0.710365653,25,18,3.488443178,-39.10159158,1.833883643,25,18,3.488443178,-39.10159158
0.5890055895,1,17,4.107061438,-39.12159124,1.592795014,1,17,4.107061438,-39.12159124
0.5644888878,2,17,4.081282453,-39.12165654,1.559006572,2,17,4.081282453,-39.12165654
0.5949936509,3,17,4.055503353,-39.12171615,1.61277318,3,17,4.055503353,-39.12171615
0.5580522418,4,17,4.029724148,-39.12177009,1.655396461,4,17,4.029724148,-39.12177009
0.5905960798,5,17,4.00394485,-39.12181836,1.741090655,5,17,4.00394485,-39.12181836
0.5905960798,6,17,3.978165468,-39.12186094,1.741090655,6,17,3.978165468,-39.12186094
0.7095683217,7,17,3.952386013,-39.12189785,2.062701464,7,17,3.952386013,-39.12189785
0.8668810725,8,17,3.926606495,-39.12192908,2.366051674,8,17,3.926606495,-39.12192908
0.9877989888,9,17,3.900826926,-39.12195463,2.630074978,9,17,3.900826926,-39.12195463
0.8730548024,10,17,3.875047314,-39.1219745,2.531641245,10,17,3.875047314,-39.1219745
0.8730548024,11,17,3.849267671,-39.1219887,2.531641245,11,17,3.849267671,-39.1219887
1.088520408,12,17,3.823488007,-39.12199721,2.767554283,12,17,3.823488007,-39.12199721
1.229548216,13,17,3.797708333,-39.12200005,3.132795811,13,17,3.797708333,-39.12200005
1.616358519,14,17,3.771928659,-39.12199721,4.576727867,14,17,3.771928659,-39.12199721
1.629735827,15,17,3.746148995,-39.1219887,3.889648914,15,17,3.746148995,-39.1219887
1.629735827,16,17,3.720369353,-39.1219745,3.889648914,16,17,3.720369353,-39.1219745
2.659527063,17,17,3.694589741,-39.12195463,5.45852375,17,17,3.694589741,-39.12195463
2.245547295,18,17,3.668810171,-39.12192908,5.545502663,18,17,3.668810171,-39.12192908
2.043447971,19,17,3.643030654,-39.12189785,5.147925854,19,17,3.643030654,-39.12189785
1.320334196,20,17,3.617251199,-39.12186094,3.993703365,20,17,3.617251199,-39.12186094
0.8550175428,21,17,3.591471817,-39.12181836,2.966736078,21,17,3.591471817,-39.12181836
0.6875388026,22,17,3.565692518,-39.12177009,2.451488733,22,17,3.565692518,-39.12177009
0.6779094934,23,17,3.539913314,-39.12171615,2.062212467,23,17,3.539913314,-39.12171615
0.6916120052,24,17,3.514134214,-39.12165654,1.78790009,24,17,3.514134214,-39.12165654
0.710365653,25,17,3.488355229,-39.12159124,1.833883643,25,17,3.488355229,-39.12159124
0.5544977784,1,16,4.107149438,-39.14159092,1.591749549,1,16,4.107149438,-39.14159092
0.5533845425,2,16,4.081363119,-39.14165626,1.564136744,2,16,4.081363119,-39.14165626
0.5398269892,3,16,4.055576686,-39.14171592,1.586194992,3,16,4.055576686,-39.14171592
0.6523787379,4,16,4.029790149,-39.1417699,1.67578423,4,16,4.029790149,-39.1417699
0.6523240209,5,16,4.004003517,-39.1418182,1.948347688,5,16,4.004003517,-39.1418182
0.6523240209,6,16,3.978216802,-39.14186081,1.948347688,6,16,3.978216802,-39.14186081
0.8107606173,7,16,3.952430014,-39.14189775,2.206731081,7,16,3.952430014,-39.14189775
1.022050738,8,16,3.926643163,-39.141929,2.861602783,8,16,3.926643163,-39.141929
1.158059955,9,16,3.90085626,-39.14195457,3.140404224,9,16,3.90085626,-39.14195457
1.269252181,10,16,3.875069315,-39.14197445,3.176296473,10,16,3.875069315,-39.14197445
1.269252181,11,16,3.849282338,-39.14198866,3.176296473,11,16,3.849282338,-39.14198866
3.052551985,12,16,3.823495341,-39.14199718,4.265343666,12,16,3.823495341,-39.14199718
3.960500956,13,16,3.797708333,-39.14200002,8.812864304,13,16,3.797708333,-39.14200002
1.616358519,14,16,3.771921326,-39.14199718,4.576727867,14,16,3.771921326,-39.14199718
1.629735827,15,16,3.746134328,-39.14198866,3.889648914,15,16,3.746134328,-39.14198866
1.629735827,16,16,3.720347352,-39.14197445,3.889648914,16,16,3.720347352,-39.14197445
2.659527063,17,16,3.694560407,-39.14195457,5.45852375,17,16,3.694560407,-39.14195457
2.245547295,18,16,3.668773504,-39.141929,5.545502663,18,16,3.668773504,-39.141929
2.043447971,19,16,3.642986653,-39.14189775,5.147925854,19,16,3.642986653,-39.14189775
1.320334196,20,16,3.617199865,-39.14186081,3.993703365,20,16,3.617199865,-39.14186081
1.320334196,21,16,3.59141315,-39.1418182,3.993703365,21,16,3.59141315,-39.1418182
1.098493457,22,16,3.565626518,-39.1417699,3.26760602,22,16,3.565626518,-39.1417699
0.852786243,23,16,3.53983998,-39.14171592,2.636536121,23,16,3.53983998,-39.14171592
0.7585611343,24,16,3.514053547,-39.14165626,2.182375908,24,16,3.514053547,-39.14165626
0.6828677058,25,16,3.488267229,-39.14159092,1.849079967,25,16,3.488267229,-39.14159092
0.5317769647,1,15,4.107237487,-39.16159061,1.638917804,1,15,4.107237487,-39.16159061
0.5324195623,2,15,4.081443832,-39.161656,1.572358131,2,15,4.081443832,-39.161656
0.5684078932,3,15,4.055650062,-39.1617157,1.682420492,3,15,4.055650062,-39.1617157
0.7112012506,4,15,4.029856187,-39.16176972,1.755918026,4,15,4.029856187,-39.16176972
0.9682868719,5,15,4.004062218,-39.16181805,2.210979939,5,15,4.004062218,-39.16181805
0.9682868719,6,15,3.978268165,-39.1618607,2.210979939,6,15,3.978268165,-39.1618607
0.8107606173,7,15,3.952474039,-39.16189766,2.206731081,7,15,3.952474039,-39.16189766
1.022050738,8,15,3.926679851,-39.16192893,2.861602783,8,15,3.926679851,-39.16192893
1.158059955,9,15,3.90088561,-39.16195452,3.140404224,9,15,3.90088561,-39.16195452
1.269252181,10,15,3.875091328,-39.16197442,3.176296473,10,15,3.875091328,-39.16197442
1.269252181,11,15,3.849297014,-39.16198863,3.176296473,11,15,3.849297014,-39.16198863
3.052551985,12,15,3.823502679,-39.16199716,4.265343666,12,15,3.823502679,-39.16199716
3.960500956,13,15,3.797708333,-39.16200001,8.812864304,13,15,3.797708333,-39.16200001
5.979491234,14,15,3.771913988,-39.16199716,9.966897011,14,15,3.771913988,-39.16199716
7.666303635,15,15,3.746119653,-39.16198863,14.24117279,15,15,3.746119653,-39.16198863
7.666303635,16,15,3.720325339,-39.16197442,14.24117279,16,15,3.720325339,-39.16197442
7.149518013,17,15,3.694531057,-39.16195452,16.24399757,17,15,3.694531057,-39.16195452
5.871281147,18,15,3.668736816,-39.16192893,10.39227772,18,15,3.668736816,-39.16192893
3.746025085,19,15,3.642942627,-39.16189766,8.474252701,19,15,3.642942627,-39.16189766
2.933370352,20,15,3.617148501,-39.1618607,7.011199951,20,15,3.617148501,-39.1618607
2.933370352,21,15,3.591354449,-39.16181805,7.011199951,21,15,3.591354449,-39.16181805
1.385218978,22,15,3.56556048,-39.16176972,4.699151039,22,15,3.56556048,-39.16176972
1.372476339,23,15,3.539766605,-39.1617157,3.132194042,23,15,3.539766605,-39.1617157
0.8379624486,24,15,3.513972835,-39.161656,2.251188517,24,15,3.513972835,-39.161656
0.6813462377,25,15,3.48817918,-39.16159061,1.843707442,25,15,3.48817918,-39.16159061
0.5317769647,1,14,4.107325587,-39.18159032,1.638917804,1,14,4.107325587,-39.18159032
0.5324195623,2,14,4.08152459,-39.18165575,1.572358131,2,14,4.08152459,-39.18165575
0.5684078932,3,14,4.055723479,-39.1817155,1.682420492,3,14,4.055723479,-39.1817155
0.7112012506,4,14,4.029922262,-39.18176955,1.755918026,4,14,4.029922262,-39.18176955
0.9682868719,5,14,4.004120952,-39.18181792,2.210979939,5,14,4.004120952,-39.18181792
0.9682868719,6,14,3.978319558,-39.18186059,2.210979939,6,14,3.978319558,-39.18186059
1.087529778,7,14,3.95251809,-39.18189758,2.930258512,7,14,3.95251809,-39.18189758
1.245002031,8,14,3.92671656,-39.18192887,3.101677418,8,14,3.92671656,-39.18192887
1.9569484,9,14,3.900914977,-39.18195448,4.383334637,9,14,3.900914977,-39.18195448
2.970241785,10,14,3.875113353,-39.1819744,7.405284405,10,14,3.875113353,-39.1819744
2.970241785,11,14,3.849311697,-39.18198862,7.405284405,11,14,3.849311697,-39.18198862
7.75616312,12,14,3.823510021,-39.18199716,8.178103447,12,14,3.823510021,-39.18199716
10.5943079,13,14,3.797708333,-39.182,21.89387703,13,14,3.797708333,-39.182
18.81448174,14,14,3.771906646,-39.18199716,31.6558876,14,14,3.771906646,-39.18199716
22.23836327,15,14,3.746104969,-39.18198862,37.00563812,15,14,3.746104969,-39.18198862
22.23836327,16,14,3.720303314,-39.1819744,37.00563812,16,14,3.720303314,-39.1819744
14.2042799,17,14,3.694501689,-39.18195448,27.23702621,17,14,3.694501689,-39.18195448
7.839075565,18,14,3.668700107,-39.18192887,17.19201279,18,14,3.668700107,-39.18192887
5.86522007,19,14,3.642898576,-39.18189758,13.27210522,19,14,3.642898576,-39.18189758
2.806881189,20,14,3.617097109,-39.18186059,8.897006035,20,14,3.617097109,-39.18186059
2.806881189,21,14,3.591295715,-39.18181792,8.897006035,21,14,3.591295715,-39.18181792
2.045468092,22,14,3.565494404,-39.18176955,5.527770042,22,14,3.565494404,-39.18176955
1.154128432,23,14,3.539693188,-39.1817155,3.651131153,23,14,3.539693188,-39.1817155
0.9572095275,24,14,3.513892076,-39.18165575,2.486095667,24,14,3.513892076,-39.18165575
0.7131596804,25,14,3.48809108,-39.18159032,1.767237663,25,14,3.48809108,-39.18159032
0.5216821432,1,13,4.107413737,-39.20159002,1.519748449,1,13,4.107413737,-39.20159002
0.5733662248,2,13,4.081605395,-39.2016555,1.671602845,2,13,4.081605395,-39.2016555
0.677097559,3,13,4.055796937,-39.20171529,1.818791747,3,13,4.055796937,-39.20171529
0.7747759223,4,13,4.029988376,-39.20176939,2.108368397,4,13,4.029988376,-39.20176939
1.561042905,5,13,4.004179719,-39.20181779,3.129735708,5,13,4.004179719,-39.20181779
1.561042905,6,13,3.978370979,-39.20186049,3.129735708,6,13,3.978370979,-39.20186049
1.65573895,7,13,3.952562166,-39.2018975,3.979356527,7,13,3.952562166,-39.2018975
2.206663609,8,13,3.92675329,-39.20192882,5.263603687,8,13,3.92675329,-39.20192882
3.344980478,9,13,3.900944362,-39.20195445,6.707203388,9,13,3.900944362,-39.20195445
5.490237236,10,13,3.875135391,-39.20197438,11.17093563,10,13,3.875135391,-39.20197438
5.490237236,11,13,3.849326389,-39.20198861,11.17093563,11,13,3.849326389,-39.20198861
9.199627876,12,13,3.823517367,-39.20199715,15.84689713,12,13,3.823517367,-39.20199715
14.42039013,13,13,3.797708333,-39.202,27.93073082,13,13,3.797708333,-39.202
24.20189285,14,13,3.7718993,-39.20199715,43.38481903,14,13,3.7718993,-39.20199715
34.66217422,15,13,3.746090277,-39.20198861,47.44547653,15,13,3.746090277,-39.20198861
34.66217422,16,13,3.720281276,-39.20197438,47.44547653,16,13,3.720281276,-39.20197438
16.50951195,17,13,3.694472305,-39.20195445,36.52272415,17,13,3.694472305,-39.20195445
12.39576912,18,13,3.668663377,-39.20192882,19.96549416,18,13,3.668663377,-39.20192882
7.641301632,19,13,3.642854501,-39.2018975,10.84434986,19,13,3.642854501,-39.2018975
2.297363758,20,13,3.617045687,-39.20186049,7.911994457,20,13,3.617045687,-39.20186049
2.297363758,21,13,3.591236947,-39.20181779,7.911994457,21,13,3.591236947,-39.20181779
1.966571927,22,13,3.565428291,-39.20176939,4.378906727,22,13,3.565428291,-39.20176939
1.278393269,23,13,3.539619729,-39.20171529,2.651767969,23,13,3.539619729,-39.20171529
0.7029934525,24,13,3.513811272,-39.2016555,2.041092873,24,13,3.513811272,-39.2016555
0.6793058515,25,13,3.48800293,-39.20159002,1.66057837,25,13,3.48800293,-39.20159002
0.5498262048,1,12,4.107501937,-39.22158973,1.585657597,1,12,4.107501937,-39.22158973
0.6348737478,2,12,4.081686245,-39.22165526,1.995704889,2,12,4.081686245,-39.22165526
1.204423666,3,12,4.055870438,-39.22171509,2.460838079,3,12,4.055870438,-39.22171509
1.746386886,4,12,4.030054526,-39.22176922,4.082624912,4,12,4.030054526,-39.22176922
1.855957627,5,12,4.00423852,-39.22181766,5.10560751,5,12,4.00423852,-39.22181766
1.855957627,6,12,3.97842243,-39.22186039,5.10560751,6,12,3.97842243,-39.22186039
3.369754791,7,12,3.952606267,-39.22189743,7.019370556,7,12,3.952606267,-39.22189743
4.51989603,8,12,3.926790041,-39.22192877,9.706904411,8,12,3.926790041,-39.22192877
4.705128193,9,12,3.900973762,-39.22195441,10.77498341,9,12,3.900973762,-39.22195441
6.610126019,10,12,3.875157442,-39.22197436,12.65250874,10,12,3.875157442,-39.22197436
6.610126019,11,12,3.84934109,-39.2219886,12.65250874,11,12,3.84934109,-39.2219886
8.196926117,12,12,3.823524717,-39.22199715,17.59740639,12,12,3.823524717,-39.22199715
12.84148979,13,12,3.797708333,-39.222,26.03635597,13,12,3.797708333,-39.222
16.115942,14,12,3.77189195,-39.22199715,31.93718529,14,12,3.77189195,-39.22199715
22.83271027,15,12,3.746075577,-39.2219886,33.08581924,15,12,3.746075577,-39.2219886
22.83271027,16,12,3.720259225,-39.22197436,33.08581924,16,12,3.720259225,-39.22197436
13.97427559,17,12,3.694442904,-39.22195441,27.54753113,17,12,3.694442904,-39.22195441
4.692935944,18,12,3.668626626,-39.22192877,16.99378586,18,12,3.668626626,-39.22192877
5.062899113,19,12,3.6428104,-39.22189743,5.881138325,19,12,3.6428104,-39.22189743
1.299994469,20,12,3.616994236,-39.22186039,4.224972248,20,12,3.616994236,-39.22186039
2.297363758,21,12,3.591178146,-39.22181766,7.911994457,21,12,3.591178146,-39.22181766
1.966571927,22,12,3.56536214,-39.22176922,4.378906727,22,12,3.56536214,-39.22176922
1.278393269,23,12,3.539546228,-39.22171509,2.651767969,23,12,3.539546228,-39.22171509
0.7029934525,24,12,3.513730422,-39.22165526,2.041092873,24,12,3.513730422,-39.22165526
0.6793058515,25,12,3.48791473,-39.22158973,1.66057837,25,12,3.48791473,-39.22158973
0.7313526273,1,11,4.107590187,-39.24158943,2.55206418,1,11,4.107590187,-39.24158943
0.7313526273,2,11,4.081767142,-39.24165501,2.55206418,2,11,4.081767142,-39.24165501
1.447062016,3,11,4.055943981,-39.24171488,3.349632978,3,11,4.055943981,-39.24171488
3.435053587,4,11,4.030120715,-39.24176905,5.747276783,4,11,4.030120715,-39.24176905
3.976889849,5,11,4.004297355,-39.24181752,8.691192627,5,11,4.004297355,-39.24181752
4.566572189,6,11,3.978473911,-39.24186029,10.72237396,6,11,3.978473911,-39.24186029
4.566572189,7,11,3.952650393,-39.24189735,10.72237396,7,11,3.952650393,-39.24189735
5.252513409,8,11,3.926826813,-39.24192871,11.36447144,8,11,3.926826813,-39.24192871
5.137891769,9,11,3.90100318,-39.24195437,11.87880707,9,11,3.90100318,-39.24195437
4.359682083,10,11,3.875179505,-39.24197433,12.36971378,10,11,3.875179505,-39.24197433
5.017201424,11,11,3.849355799,-39.24198859,12.36718941,11,11,3.849355799,-39.24198859
5.017201424,12,11,3.823532071,-39.24199714,12.36718941,12,11,3.823532071,-39.24199714
4.350145817,13,11,3.797708333,-39.24199999,13.71121788,13,11,3.797708333,-39.24199999
16.115942,14,11,3.771884595,-39.24199714,31.93718529,14,11,3.771884595,-39.24199714
22.83271027,15,11,3.746060868,-39.24198859,33.08581924,15,11,3.746060868,-39.24198859
13.97427559,16,11,3.720237162,-39.24197433,27.54753113,16,11,3.720237162,-39.24197433
13.97427559,17,11,3.694413487,-39.24195437,27.54753113,17,11,3.694413487,-39.24195437
4.692935944,18,11,3.668589854,-39.24192871,16.99378586,18,11,3.668589854,-39.24192871
5.062899113,19,11,3.642766273,-39.24189735,5.881138325,19,11,3.642766273,-39.24189735
1.299994469,20,11,3.616942756,-39.24186029,4.224972248,20,11,3.616942756,-39.24186029
1.024949789,21,11,3.591119312,-39.24181752,2.814997435,21,11,3.591119312,-39.24181752
1.024949789,22,11,3.565295952,-39.24176905,2.814997435,22,11,3.565295952,-39.24176905
0.890756011,23,11,3.539472686,-39.24171488,2.135580063,23,11,3.539472686,-39.24171488
0.6618353128,24,11,3.513649525,-39.24165501,1.66693759,24,11,3.513649525,-39.24165501
0.5748864412,25,11,3.48782648,-39.24158943,1.64030087,25,11,3.48782648,-39.24158943
0.9046319127,1,10,4.107678488,-39.26158912,2.359358072,1,10,4.107678488,-39.26158912
0.9046319127,2,10,4.081848084,-39.26165475,2.359358072,2,10,4.081848084,-39.26165475
1.691546559,3,10,4.056017565,-39.26171466,4.437469006,3,10,4.056017565,-39.26171466
3.157356739,4,10,4.030186941,-39.26176887,6.684792042,4,10,4.030186941,-39.26176887
3.596491098,5,10,4.004356223,-39.26181737,8.497066498,5,10,4.004356223,-39.26181737
4.109264851,6,10,3.97852542,-39.26186017,9.326075554,6,10,3.97852542,-39.26186017
4.566572189,7,10,3.952694545,-39.26189726,10.72237396,7,10,3.952694545,-39.26189726
5.252513409,8,10,3.926863606,-39.26192865,11.36447144,8,10,3.926863606,-39.26192865
5.137891769,9,10,3.901032614,-39.26195433,11.87880707,9,10,3.901032614,-39.26195433
4.359682083,10,10,3.875201581,-39.2619743,12.36971378,10,10,3.875201581,-39.2619743
5.017201424,11,10,3.849370516,-39.26198857,12.36718941,11,10,3.849370516,-39.26198857
5.017201424,12,10,3.82353943,-39.26199712,12.36718941,12,10,3.82353943,-39.26199712
4.350145817,13,10,3.797708333,-39.26199998,13.71121788,13,10,3.797708333,-39.26199998
8.14781189,14,10,3.771877237,-39.26199712,19.83189774,14,10,3.771877237,-39.26199712
6.953652382,15,10,3.746046151,-39.26198857,17.73779869,15,10,3.746046151,-39.26198857
5.141560555,16,10,3.720215086,-39.2619743,9.876479149,16,10,3.720215086,-39.2619743
5.141560555,17,10,3.694384053,-39.26195433,9.876479149,17,10,3.694384053,-39.26195433
2.233378649,18,10,3.668553061,-39.26192865,6.464799404,18,10,3.668553061,-39.26192865
0.8479498625,19,10,3.642722122,-39.26189726,3.767285109,19,10,3.642722122,-39.26189726
0.9070917964,20,10,3.616891246,-39.26186017,2.691524982,20,10,3.616891246,-39.26186017
0.8125240803,21,10,3.591060444,-39.26181737,2.03330183,21,10,3.591060444,-39.26181737
0.8125240803,22,10,3.565229725,-39.26176887,2.03330183,22,10,3.565229725,-39.26176887
0.6371392608,23,10,3.539399101,-39.26171466,1.802641511,23,10,3.539399101,-39.26171466
0.5701583624,24,10,3.513568582,-39.26165475,1.616850734,24,10,3.513568582,-39.26165475
0.5148997307,25,10,3.487738179,-39.26158912,1.507968903,25,10,3.487738179,-39.26158912
0.9046319127,1,9,4.107766839,-39.2815888,2.359358072,1,9,4.107766839,-39.2815888
0.9046319127,2,9,4.081929073,-39.28165447,2.359358072,2,9,4.081929073,-39.28165447
1.691546559,3,9,4.056091192,-39.28171443,4.437469006,3,9,4.056091192,-39.28171443
3.157356739,4,9,4.030253205,-39.28176868,6.684792042,4,9,4.030253205,-39.28176868
3.596491098,5,9,4.004415124,-39.28181721,8.497066498,5,9,4.004415124,-39.28181721
4.109264851,6,9,3.97857696,-39.28186004,9.326075554,6,9,3.97857696,-39.28186004
4.109264851,7,9,3.952738721,-39.28189716,9.326075554,7,9,3.952738721,-39.28189716
4.509658337,8,9,3.926900419,-39.28192857,10.74732304,8,9,3.926900419,-39.28192857
3.515567541,9,9,3.901062065,-39.28195426,9.41421032,9,9,3.901062065,-39.28195426
2.668386698,10,9,3.875223669,-39.28197425,6.892026901,10,9,3.875223669,-39.28197425
2.112273932,11,9,3.849385241,-39.28198853,6.400702953,11,9,3.849385241,-39.28198853
2.112273932,12,9,3.823546793,-39.28199709,6.400702953,12,9,3.823546793,-39.28199709
2.449451447,13,9,3.797708333,-39.28199995,6.164416313,13,9,3.797708333,-39.28199995
2.078984737,14,9,3.771869874,-39.28199709,4.77812767,14,9,3.771869874,-39.28199709
1.212523699,15,9,3.746031425,-39.28198853,4.346522331,15,9,3.746031425,-39.28198853
1.274388075,16,9,3.720192998,-39.28197425,5.797984123,16,9,3.720192998,-39.28197425
1.274388075,17,9,3.694354601,-39.28195426,5.797984123,17,9,3.694354601,-39.28195426
1.037496448,18,9,3.668516247,-39.28192857,2.934000015,18,9,3.668516247,-39.28192857
0.781668961,19,9,3.642677946,-39.28189716,2.518967867,19,9,3.642677946,-39.28189716
0.7164973021,20,9,3.616839707,-39.28186004,2.198041677,20,9,3.616839707,-39.28186004
0.7549815774,21,9,3.591001542,-39.28181721,1.780808687,21,9,3.591001542,-39.28181721
0.7549815774,22,9,3.565163461,-39.28176868,1.780808687,22,9,3.565163461,-39.28176868
0.6113743186,23,9,3.539325475,-39.28171443,1.67414844,23,9,3.539325475,-39.28171443
0.5237851739,24,9,3.513487594,-39.28165447,1.55564642,24,9,3.513487594,-39.28165447
0.4965943992,25,9,3.487649828,-39.2815888,1.686733961,25,9,3.487649828,-39.2815888
0.8012157679,1,8,4.10785524,-39.30158846,2.264702559,1,8,4.10785524,-39.30158846
0.8012157679,2,8,4.082010108,-39.30165417,2.264702559,2,8,4.082010108,-39.30165417
1.296090245,3,8,4.05616486,-39.30171418,3.655195475,3,8,4.05616486,-39.30171418
1.538134813,4,8,4.030319507,-39.30176846,4.184295177,4,8,4.030319507,-39.30176846
1.529111505,5,8,4.00447406,-39.30181703,5.512715816,5,8,4.00447406,-39.30181703
2.295512199,6,8,3.978628528,-39.30185989,6.864801407,6,8,3.978628528,-39.30185989
2.295512199,7,8,3.952782923,-39.30189704,6.864801407,7,8,3.952782923,-39.30189704
2.223501682,8,8,3.926937254,-39.30192847,5.609834671,8,8,3.926937254,-39.30192847
1.547015905,9,8,3.901091533,-39.30195418,5.102258205,9,8,3.901091533,-39.30195418
1.296109676,10,8,3.87524577,-39.30197418,4.077795029,10,8,3.87524577,-39.30197418
1.440886617,11,8,3.849399975,-39.30198847,3.084901571,11,8,3.849399975,-39.30198847
1.440886617,12,8,3.82355416,-39.30199704,3.084901571,12,8,3.82355416,-39.30199704
0.8385438919,13,8,3.797708333,-39.3019999,2.603435993,13,8,3.797708333,-39.3019999
0.917373836,14,8,3.771862507,-39.30199704,2.392651081,14,8,3.771862507,-39.30199704
0.7388040423,15,8,3.746016691,-39.30198847,2.57632494,15,8,3.746016691,-39.30198847
0.8191972971,16,8,3.720170897,-39.30197418,2.323922873,16,8,3.720170897,-39.30197418
0.8191972971,17,8,3.694325134,-39.30195418,2.323922873,17,8,3.694325134,-39.30195418
0.7597099543,18,8,3.668479413,-39.30192847,2.245584011,18,8,3.668479413,-39.30192847
0.6847576499,19,8,3.642633744,-39.30189704,2.039033651,19,8,3.642633744,-39.30189704
0.699326396,20,8,3.616788139,-39.30185989,1.917861342,20,8,3.616788139,-39.30185989
0.6651672721,21,8,3.590942607,-39.30181703,1.769326448,21,8,3.590942607,-39.30181703
0.6651672721,22,8,3.565097159,-39.30176846,1.769326448,22,8,3.565097159,-39.30176846
0.6051393747,23,8,3.539251807,-39.30171418,1.638975263,23,8,3.539251807,-39.30171418
0.567166388,24,8,3.513406559,-39.30165417,1.573362708,24,8,3.513406559,-39.30165417
0.5692542791,25,8,3.487561427,-39.30158846,1.607344985,25,8,3.487561427,-39.30158846
0.7088268995,1,7,4.107943692,-39.32158809,1.931190252,1,7,4.107943692,-39.32158809
0.7088268995,2,7,4.082091189,-39.32165385,1.931190252,2,7,4.082091189,-39.32165385
0.7445164919,3,7,4.056238571,-39.3217139,2.194982767,3,7,4.056238571,-39.3217139
0.67689991,4,7,4.030385847,-39.32176822,2.344843626,4,7,4.030385847,-39.32176822
0.780115068,5,7,4.004533028,-39.32181683,3.51012826,5,7,4.004533028,-39.32181683
1.0505054,6,7,3.978680126,-39.32185972,3.36255908,6,7,3.978680126,-39.32185972
1.0505054,7,7,3.952827149,-39.32189689,3.36255908,7,7,3.952827149,-39.32189689
1.020825744,8,7,3.92697411,-39.32192834,2.930288792,8,7,3.92697411,-39.32192834
0.7432023883,9,7,3.901121018,-39.32195408,2.428049326,9,7,3.901121018,-39.32195408
0.8244611025,10,7,3.875267884,-39.32197409,2.424518347,10,7,3.875267884,-39.32197409
0.790628016,11,7,3.849414718,-39.32198839,2.120487213,11,7,3.849414718,-39.32198839
0.790628016,12,7,3.823561531,-39.32199697,2.120487213,12,7,3.823561531,-39.32199697
0.6547816396,13,7,3.797708333,-39.32199982,1.854679704,13,7,3.797708333,-39.32199982
0.5511405468,14,7,3.771855136,-39.32199697,1.896606445,14,7,3.771855136,-39.32199697
0.6303411722,15,7,3.746001949,-39.32198839,1.901768327,15,7,3.746001949,-39.32198839
0.6832796931,16,7,3.720148783,-39.32197409,1.924281478,16,7,3.720148783,-39.32197409
0.6832796931,17,7,3.694295649,-39.32195408,1.924281478,17,7,3.694295649,-39.32195408
0.676035583,18,7,3.668442557,-39.32192834,2.003875732,18,7,3.668442557,-39.32192834
0.6287897825,19,7,3.642589517,-39.32189689,1.905020595,19,7,3.642589517,-39.32189689
0.714078784,20,7,3.616736541,-39.32185972,1.626223207,20,7,3.616736541,-39.32185972
0.6651672721,21,7,3.590883638,-39.32181683,1.769326448,21,7,3.590883638,-39.32181683
0.6651672721,22,7,3.56503082,-39.32176822,1.769326448,22,7,3.56503082,-39.32176822
0.6051393747,23,7,3.539178096,-39.3217139,1.638975263,23,7,3.539178096,-39.3217139
0.567166388,24,7,3.513325478,-39.32165385,1.573362708,24,7,3.513325478,-39.32165385
0.5692542791,25,7,3.487472975,-39.32158809,1.607344985,25,7,3.487472975,-39.32158809
0.6317814589,1,6,4.108032194,-39.3415877,1.637334824,1,6,4.108032194,-39.3415877
0.6317814589,2,6,4.082172316,-39.34165351,1.637334824,2,6,4.082172316,-39.34165351
0.6283500791,3,6,4.056312323,-39.34171359,1.785662413,3,6,4.056312323,-39.34171359
0.6167852879,4,6,4.030452224,-39.34176796,2.122723818,4,6,4.030452224,-39.34176796
0.5655985475,5,6,4.004592031,-39.3418166,2.053560257,5,6,4.004592031,-39.3418166
0.5963073373,6,6,3.978731753,-39.34185952,2.036972761,6,6,3.978731753,-39.34185952
0.5963073373,7,6,3.952871402,-39.34189671,2.036972761,7,6,3.952871402,-39.34189671
0.6063369513,8,6,3.927010987,-39.34192819,2.07412076,8,6,3.927010987,-39.34192819
0.6562904119,9,6,3.901150519,-39.34195394,1.914607286,9,6,3.901150519,-39.34195394
0.6340409517,10,6,3.87529001,-39.34197397,1.796819448,10,6,3.87529001,-39.34197397
0.6134070158,11,6,3.849429468,-39.34198828,1.776887774,11,6,3.849429468,-39.34198828
0.6134070158,12,6,3.823568906,-39.34199686,1.776887774,12,6,3.823568906,-39.34199686
0.5903435946,13,6,3.797708333,-39.34199972,1.691091657,13,6,3.797708333,-39.34199972
0.5511405468,14,6,3.771847761,-39.34199686,1.896606445,14,6,3.771847761,-39.34199686
0.6303411722,15,6,3.745987198,-39.34198828,1.901768327,15,6,3.745987198,-39.34198828
0.6832796931,16,6,3.720126657,-39.34197397,1.924281478,16,6,3.720126657,-39.34197397
0.6832796931,17,6,3.694266147,-39.34195394,1.924281478,17,6,3.694266147,-39.34195394
0.676035583,18,6,3.66840568,-39.34192819,2.003875732,18,6,3.66840568,-39.34192819
0.6287897825,19,6,3.642545265,-39.34189671,1.905020595,19,6,3.642545265,-39.34189671
0.714078784,20,6,3.616684914,-39.34185952,1.626223207,20,6,3.616684914,-39.34185952
0.6187575459,21,6,3.590824636,-39.3418166,1.565797806,21,6,3.590824636,-39.3418166
0.6187575459,22,6,3.564964442,-39.34176796,1.565797806,22,6,3.564964442,-39.34176796
0.5500940681,23,6,3.539104344,-39.34171359,1.604805589,23,6,3.539104344,-39.34171359
0.5751544237,24,6,3.51324435,-39.34165351,1.594570994,24,6,3.51324435,-39.34165351
0.5625588894,25,6,3.487384473,-39.3415877,1.605545402,25,6,3.487384473,-39.3415877
0.5705868602,1,5,4.108120747,-39.36158727,1.576913953,1,5,4.108120747,-39.36158727
0.5705868602,2,5,4.08225349,-39.36165312,1.576913953,2,5,4.08225349,-39.36165312
0.5749767423,3,5,4.056386118,-39.36171325,1.733853102,3,5,4.056386118,-39.36171325
0.5758378506,4,5,4.03051864,-39.36176765,1.878629446,4,5,4.03051864,-39.36176765
0.5316828489,5,5,4.004651067,-39.36181633,1.860224485,5,5,4.004651067,-39.36181633
0.5640474558,6,5,3.97878341,-39.36185928,1.83219862,6,5,3.97878341,-39.36185928
0.5963073373,7,5,3.952915679,-39.3618965,2.036972761,7,5,3.952915679,-39.3618965
0.6063369513,8,5,3.927047885,-39.361928,2.07412076,8,5,3.927047885,-39.361928
0.6562904119,9,5,3.901180038,-39.36195377,1.914607286,9,5,3.901180038,-39.36195377
0.6340409517,10,5,3.875312148,-39.36197381,1.796819448,10,5,3.875312148,-39.36197381
0.6134070158,11,5,3.849444228,-39.36198813,1.776887774,11,5,3.849444228,-39.36198813
0.6134070158,12,5,3.823576286,-39.36199672,1.776887774,12,5,3.823576286,-39.36199672
0.5903435946,13,5,3.797708333,-39.36199958,1.691091657,13,5,3.797708333,-39.36199958
0.5856928229,14,5,3.771840381,-39.36199672,1.67214179,14,5,3.771840381,-39.36199672
0.5335820913,15,5,3.745972439,-39.36198813,1.68734169,15,5,3.745972439,-39.36198813
0.6848434806,16,5,3.720104518,-39.36197381,1.703305244,16,5,3.720104518,-39.36197381
0.6848434806,17,5,3.694236629,-39.36195377,1.703305244,17,5,3.694236629,-39.36195377
0.7530282736,18,5,3.668368782,-39.361928,1.776275873,18,5,3.668368782,-39.361928
0.670943737,19,5,3.642500988,-39.3618965,1.732730865,19,5,3.642500988,-39.3618965
0.6301829219,20,5,3.616633257,-39.36185928,1.556170821,20,5,3.616633257,-39.36185928
0.530328393,21,5,3.5907656,-39.36181633,1.527797699,21,5,3.5907656,-39.36181633
0.530328393,22,5,3.564898027,-39.36176765,1.527797699,22,5,3.564898027,-39.36176765
0.5569566488,23,5,3.539030549,-39.36171325,1.54306221,23,5,3.539030549,-39.36171325
0.5777558684,24,5,3.513163177,-39.36165312,1.600907207,24,5,3.513163177,-39.36165312
0.5144789219,25,5,3.48729592,-39.36158727,1.556942821,25,5,3.48729592,-39.36158727
0.5705868602,1,4,4.10820935,-39.3815868,1.576913953,1,4,4.10820935,-39.3815868
0.5749767423,2,4,4.08233471,-39.3816527,1.733853102,2,4,4.08233471,-39.3816527
0.5749767423,3,4,4.056459954,-39.38171287,1.733853102,3,4,4.056459954,-39.38171287
0.5758378506,4,4,4.030585093,-39.38176731,1.878629446,4,4,4.030585093,-39.38176731
0.5316828489,5,4,4.004710137,-39.38181602,1.860224485,5,4,4.004710137,-39.38181602
0.5640474558,6,4,3.978835096,-39.381859,1.83219862,6,4,3.978835096,-39.381859
0.6204665303,7,4,3.952959981,-39.38189625,1.787350416,7,4,3.952959981,-39.38189625
0.6204665303,8,4,3.927084804,-39.38192777,1.787350416,8,4,3.927084804,-39.38192777
0.6320810914,9,4,3.901209573,-39.38195356,1.707395315,9,4,3.901209573,-39.38195356
0.5952448249,10,4,3.8753343,-39.38197362,1.641832352,10,4,3.8753343,-39.38197362
0.580809474,11,4,3.849458995,-39.38198795,1.544604659,11,4,3.849458995,-39.38198795
0.5720962286,12,4,3.82358367,-39.38199654,1.507208467,12,4,3.82358367,-39.38199654
0.5720962286,13,4,3.797708333,-39.38199941,1.507208467,13,4,3.797708333,-39.38199941
0.5718432665,14,4,3.771832997,-39.38199654,1.539969444,14,4,3.771832997,-39.38199654
0.5129193664,15,4,3.745957671,-39.38198795,1.638085008,15,4,3.745957671,-39.38198795
0.6343915462,16,4,3.720082367,-39.38197362,1.688567162,16,4,3.720082367,-39.38197362
0.6221299171,17,4,3.694207094,-39.38195356,1.751184344,17,4,3.694207094,-39.38195356
0.6221299171,18,4,3.668331863,-39.38192777,1.751184344,18,4,3.668331863,-39.38192777
0.6357818246,19,4,3.642456685,-39.38189625,1.668604732,19,4,3.642456685,-39.38189625
0.5919361711,20,4,3.616581571,-39.381859,1.61769259,20,4,3.616581571,-39.381859
0.5409033895,21,4,3.59070653,-39.38181602,1.580121517,21,4,3.59070653,-39.38181602
0.516687274,22,4,3.564831574,-39.38176731,1.550333261,22,4,3.564831574,-39.38176731
0.516687274,23,4,3.538956712,-39.38171287,1.550333261,23,4,3.538956712,-39.38171287
0.5507481694,24,4,3.513081956,-39.3816527,1.521165848,24,4,3.513081956,-39.3816527
0.4904370308,25,4,3.487207317,-39.3815868,1.578988433,25,4,3.487207317,-39.3815868
0.6241267323,1,3,4.108298004,-39.40158628,1.706774235,1,3,4.108298004,-39.40158628
0.605327487,2,3,4.082415977,-39.40165223,1.895978689,2,3,4.082415977,-39.40165223
0.605327487,3,3,4.056533833,-39.40171245,1.895978689,3,3,4.056533833,-39.40171245
0.6019191742,4,3,4.030651584,-39.40176693,1.844468832,4,3,4.030651584,-39.40176693
0.5466253161,5,3,4.00476924,-39.40181567,1.807252884,5,3,4.00476924,-39.40181567
0.5519256592,6,3,3.978886812,-39.40185868,1.728919744,6,3,3.978886812,-39.40185868
0.5654838681,7,3,3.953004309,-39.40189596,1.640828609,7,3,3.953004309,-39.40189596
0.5654838681,8,3,3.927121744,-39.4019275,1.640828609,8,3,3.927121744,-39.4019275
0.5362293124,9,3,3.901239125,-39.40195331,1.661512494,9,3,3.901239125,-39.40195331
0.5936635733,10,3,3.875356464,-39.40197338,1.563878775,10,3,3.875356464,-39.40197338
0.5427965522,11,3,3.849473771,-39.40198772,1.441169739,11,3,3.849473771,-39.40198772
0.5503548384,12,3,3.823591058,-39.40199632,1.462896824,12,3,3.823591058,-39.40199632
0.5503548384,13,3,3.797708333,-39.40199919,1.462896824,13,3,3.797708333,-39.40199919
0.5813472271,14,3,3.771825609,-39.40199632,1.643867016,14,3,3.771825609,-39.40199632
0.5344155431,15,3,3.745942895,-39.40198772,1.627586603,15,3,3.745942895,-39.40198772
0.5575746894,16,3,3.720060203,-39.40197338,1.699315548,16,3,3.720060203,-39.40197338
0.6236088872,17,3,3.694177542,-39.40195331,1.78153789,17,3,3.694177542,-39.40195331
0.6236088872,18,3,3.668294923,-39.4019275,1.78153789,18,3,3.668294923,-39.4019275
0.5797986388,19,3,3.642412357,-39.40189596,1.737174153,19,3,3.642412357,-39.40189596
0.5434944034,20,3,3.616529855,-39.40185868,1.629240036,20,3,3.616529855,-39.40185868
0.5782309175,21,3,3.590647426,-39.40181567,1.574433446,21,3,3.590647426,-39.40181567
0.5756341219,22,3,3.564765082,-39.40176693,1.573857069,22,3,3.564765082,-39.40176693
0.5756341219,23,3,3.538882833,-39.40171245,1.573857069,23,3,3.538882833,-39.40171245
0.5318027139,24,3,3.51300069,-39.40165223,1.573761582,24,3,3.51300069,-39.40165223
0.4972205162,25,3,3.487118663,-39.40158628,1.603531837,25,3,3.487118663,-39.40158628
0.6084466577,1,2,4.108386708,-39.42158572,1.680348516,1,2,4.108386708,-39.42158572
0.5869179964,2,2,4.082497289,-39.42165172,1.843523264,2,2,4.082497289,-39.42165172
0.5869179964,3,2,4.056607754,-39.42171198,1.843523264,3,2,4.056607754,-39.42171198
0.6670636535,4,2,4.030718114,-39.42176649,1.882763743,4,2,4.030718114,-39.42176649
0.6408571601,5,2,4.004828378,-39.42181527,1.869352818,5,2,4.004828378,-39.42181527
0.5411682129,6,2,3.978938557,-39.42185832,1.952189803,6,2,3.978938557,-39.42185832
0.5348311067,7,2,3.953048663,-39.42189562,1.765181303,7,2,3.953048663,-39.42189562
0.5348311067,8,2,3.927158705,-39.42192718,1.765181303,8,2,3.927158705,-39.42192718
0.5357922316,9,2,3.901268694,-39.42195301,1.480113983,9,2,3.901268694,-39.42195301
0.5267084241,10,2,3.875378641,-39.42197309,1.490023494,10,2,3.875378641,-39.42197309
0.549969852,11,2,3.849488556,-39.42198744,1.520809054,11,2,3.849488556,-39.42198744
0.5299625397,12,2,3.82359845,-39.42199605,1.570930123,12,2,3.82359845,-39.42199605
0.5299625397,13,2,3.797708333,-39.42199892,1.570930123,13,2,3.797708333,-39.42199892
0.5425631404,14,2,3.771818217,-39.42199605,1.563476324,14,2,3.771818217,-39.42199605
0.5063154697,15,2,3.745928111,-39.42198744,1.632704139,15,2,3.745928111,-39.42198744
0.5626983047,16,2,3.720038026,-39.42197309,1.701417446,16,2,3.720038026,-39.42197309
0.607670188,17,2,3.694147973,-39.42195301,1.768375993,17,2,3.694147973,-39.42195301
0.607670188,18,2,3.668257962,-39.42192718,1.768375993,18,2,3.668257962,-39.42192718
0.6932903528,19,2,3.642368004,-39.42189562,1.723110676,19,2,3.642368004,-39.42189562
0.6337100267,20,2,3.61647811,-39.42185832,1.688727975,20,2,3.61647811,-39.42185832
0.6375367045,21,2,3.590588289,-39.42181527,1.567817688,21,2,3.590588289,-39.42181527
0.5756341219,22,2,3.564698553,-39.42176649,1.573857069,22,2,3.564698553,-39.42176649
0.5756341219,23,2,3.538808912,-39.42171198,1.573857069,23,2,3.538808912,-39.42171198
0.5318027139,24,2,3.512919377,-39.42165172,1.573761582,24,2,3.512919377,-39.42165172
0.4972205162,25,2,3.487029958,-39.42158572,1.603531837,25,2,3.487029958,-39.42158572
0.4882417917,1,1,4.108475463,-39.44158511,1.577106714,1,1,4.108475463,-39.44158511
0.5952113867,2,1,4.082578649,-39.44165115,1.746078849,2,1,4.082578649,-39.44165115
0.5952113867,3,1,4.056681718,-39.44171145,1.746078849,3,1,4.056681718,-39.44171145
0.6518488526,4,1,4.030784681,-39.44176601,1.980038166,4,1,4.030784681,-39.44176601
0.706425786,5,1,4.004887549,-39.44181482,2.147711277,5,1,4.004887549,-39.44181482
0.6463698745,6,1,3.978990332,-39.44185789,2.140931606,6,1,3.978990332,-39.44185789
0.6299276352,7,1,3.953093041,-39.44189522,1.782156706,7,1,3.953093041,-39.44189522
0.6299276352,8,1,3.927195687,-39.44192681,1.782156706,8,1,3.927195687,-39.44192681
0.5782010555,9,1,3.90129828,-39.44195265,1.524163723,9,1,3.90129828,-39.44195265
0.5937864184,10,1,3.87540083,-39.44197275,1.493658662,10,1,3.87540083,-39.44197275
0.6064191461,11,1,3.849503349,-39.44198711,1.633233428,11,1,3.849503349,-39.44198711
0.5071790218,12,1,3.823605846,-39.44199572,1.598482609,12,1,3.823605846,-39.44199572
0.5071790218,13,1,3.797708333,-39.4419986,1.598482609,13,1,3.797708333,-39.4419986
0.5425631404,14,1,3.77181082,-39.44199572,1.563476324,14,1,3.77181082,-39.44199572
0.5063154697,15,1,3.745913318,-39.44198711,1.632704139,15,1,3.745913318,-39.44198711
0.5626983047,16,1,3.720015837,-39.44197275,1.701417446,16,1,3.720015837,-39.44197275
0.607670188,17,1,3.694118387,-39.44195265,1.768375993,17,1,3.694118387,-39.44195265
0.607670188,18,1,3.66822098,-39.44192681,1.768375993,18,1,3.66822098,-39.44192681
0.6932903528,19,1,3.642323625,-39.44189522,1.723110676,19,1,3.642323625,-39.44189522
0.6337100267,20,1,3.616426335,-39.44185789,1.688727975,20,1,3.616426335,-39.44185789
0.6375367045,21,1,3.590529118,-39.44181482,1.567817688,21,1,3.590529118,-39.44181482
0.5575686693,22,1,3.564631986,-39.44176601,1.552700758,22,1,3.564631986,-39.44176601
0.5575686693,23,1,3.538734949,-39.44171145,1.552700758,23,1,3.538734949,-39.44171145
0.544346869,24,1,3.512838018,-39.44165115,1.507985115,24,1,3.512838018,-39.44165115
0.532717526,25,1,3.486941203,-39.44158511,1.481793404,25,1,3.486941203,-39.44158511
